content,Sentiment
gais ada yg tau legal streaming kkn desa penari luwih dowo ga? Yg di ntflx sm dsny yg 2jam aja soalnya tia ğŸ’š,positive
"Baru lepas tgok KKN Desa Penari dekat Disney Hotstar.. best la cerita dia.

Memang ada pengajaran.",positive
"@moviemenfes Buat netizen yg pinter, tolak ukur film bagus itu bukan dari jumlah penonton ya. Tp honest review dari beberapa orang. Termasuk beberapa web atau aplikasi yg ngereview film. Klo tolak ukurnya jumlah penonton berarti KKN Desa Penari lebih bagus dong dibanding antman?",positive
"KKN Di Desa Penari (2022) 7/10
Saya bkn termasuk 10 jt org yg nonton film ini thn lalu. Baru nonton barusan ini. Filmnya menurutku lebih bagus dr film horor rata2 Indo. Setidaknya filmnya gak kaku2 amat. Tp durasi film ini agak trll panjang. Jd sedikit boring walau msh watchable https://t.co/0fIeW6Laf9",negative
tak paham ah tengok KKN Desa Penari ni. tak taulah apa yang best,positive
"MD Pictures, founded by Indian-origin Manoj and Dhamoo Punjabi, has been on a tear since releasing the horror flick KKN di Desa Penariâ€”Indonesia's highest-grossing film.

The company is now doubling down on its success formula: using crowd-sourced IP to land audience hits. https://t.co/DPp9QF8w4C",positive
@ajengelfzen @bluesparkle412 @nct_menfess Dreamies: main wahana kkn desa penari,positive
"Few minutes of SEWU DINO sneak peek at the end of the extended version of KKN Di Desa Penari is definitely way better than three hours of dragging, boring + senseless â€˜Luwih Dowo Luwih Medeniâ€™.

It just spoils the previous experience of watching the two hours theatrical version https://t.co/DGSImMW8A0",negative
@dekarastore tidak dipotong kaya kkn di desa penari uncut versionğŸ™ğŸ»,negative
"Perkara dream main ke rumah hantu kkn desa penari, jaehyun ketemu rafatar, NCT djj makan sate, NCT ke indo mah kek pulang kampung yakğŸ¥²",positive
"Indonesia's highest grossing film in history, ""KKN di Desa Penari"" (2022) had the potential to be a good horror flick. Sadly, it ended up as an overly long, dragging &amp; frustrating film with bloated &amp; clichÃ©d writing &amp; lackluster direction.
Such a disappointment. 
#KKNdiDesaPenari https://t.co/I2sPYRnxi8",negative
@tanyakanrl NONTON KKN DESA PENARI. inget bgt sebelum covid tadinya itu film mau tayang bulan maret'20 klo ga salah. Eh gajadi. Dan akhirnya di tayang di tahunÂ² berikutnya keburu the end :(,negative
@ipb_menfess KKN DESA PENARI:) BIAR GA ADA TUH DRAMA-DRAMA BEGITUAN YABG NGARUH KE NAMA KAMPUS,positive
@bubukhiloo HAHAHA BISA BISANYAğŸ˜­ Jadi inget aku bikin au kkn desa penari aku bikin kyle jadi bima alias yang jadi korbanğŸ˜,positive
"ğŸ’« BERBAGAI SKINCARE YANG BAGUS TAPI UNDERRATED ğŸ’«

~ Sebuah Utas ~

JISOO INTO THE WILD â€¢ KKN Di Desa Penari â€¢ Bekasi â€¢ iPhone â€¢ Agustus â€¢ #JUNGKOOKDAY https://t.co/gLk315pT9r",positive
"Terus berujung scroll arsip story ig, flashback setaun lalu aku tuh kayak apa sih dulunya, mulai lupa hahaha.

Ternyata dulu cuma mbakÂ² biasa yang ikut nge war tiket nonton kkn desa penari cuma buat nyari scene senam lansia dan posyandu yg ternyata gaada ğŸ¤£",positive
Baru nemu link kkn di desa penari yg versi full nya https://t.co/U0Qx7AGwCF,positive
@kamal_itaewon Mcm kkn desa penari laaa â€¦ okay je â€¦. Tapi malas nk tgk â€¦ tggu ade kawan ajak baru g,positive
"2nd Finalist for Best in AR Social Media Filter Finalists is ultra realistic ""KKN di Desa Penari AR Poster"" by the amazing @MadebyHumans - we loved trying this out! #arfilters #snake #arfilter #madebyhumans #qldxrfestival https://t.co/jvZ7e7JqNj",positive
"@HANIL pasti bakalan jadi film romance terlaris di dunia ini mengalahkan larisnya KKN di Desa Penari! semua orang nangis nontonnya huhu tapi itu kita acting aja ya kan? aku gak mau kehilangan kamu secepet ini, masih pengen main bola bekel bersama. &gt;&lt;",positive
kkn desa penari yang extended version ternyata kejutannya ada di akhir film.. wow wow wow,positive
Msty plakon tuu yg berlakon kkn desa penari knn..mmg mke die utk horror movie ekk. Tlong horror indonesia buat lgi seram smpai aku rse mcm nk berhnty tgk movie.. bru la best tgk. Jump scare tuu dh biase ekk,positive
"I bru lpas tgk KKN Di Desa Penari tu. Not bad. Cerita dia menarik, kurang cliche. Maybe sbb from a true story ğŸ¤·ğŸ»â€â™€ï¸. Tkde la se boring and lame mcm yg org complain.",negative
"Film yg mengecewakan dan gak sesuai ekspektasi:
-dr. strange multiverse of madness
-ant man quantumania
-thor: love and thunder
-ku kira kau rumah
-KKN desa penari
-black widows
-the call
-peninsula",positive
"siomay
cilor
Iron man 3 
Cilok
coklat payung 
save your tears
Starboy 
Es Kado
doctor strange
pentol
merah
titanic
kkn di desa penari
chess
jingga 
harpot
- otto
- avengers
Nila
Bankroll
avengers
blinding nights
Titanic
Seblak
Lion king
Captain marvel",negative
kkn di desa penari its a waste of money i'd say,negative
"@nct_menfess jaemin yum yum jakarta ver, nomin plaza indonesia, chenle aromasop seafood, renjun food hall PI, wahana kkn desa penari, chenle lawson, dreamies ancol, dreamies nyobain makanan khas indo, semua udah setahun yang lalu guys time flies so fast ğŸ¥²",positive
KKN Desa Penari. It's an Indonesian movie but god how i hate that movie so much,negative
"Pengumuman mainnya bsk aja, Oppa malem ini mau nonton KKN Desa Penari :* maaf yg udah excited, tunggu Oppa bsk ya. Bsk masih bs semangat kan? ^^",positive
Aku seram doh klu keluar2 toilet jumpa mcm ni. Terus ingat KKN desa penari,negative
"Starwars
Parasite
Squid game
Semua drakor 15thn terakhir ini (kec the world of married apadah lupa judul)
Semua film makoto shinkai(kec kimi no na wa)
SAO :V
Kkn desa penari
Semua seri GoTG (padahal film marvel lainnya nonton wkwk)",negative
"KKN di desa penari, squid game, mencuri raden saleh, the glory, penthouse.",negative
This is so dramatic help ğŸ˜­ğŸ˜­ğŸ˜­ its ok i'll just take it as another fictional story like kkn desa penari and friends,positive
"kkn di desa penari. ga tau kenapa ga pengen aja, takut ga sesuai ekspektasi haha. lagian udah tau juga jalan ceritanya jadi berasa dapet spoiler duluan",positive
"squid game
tokyo revengers
kkn desa penari 
layangan putus
dll",negative
"@moviemenfes obviously the one and only, the most watched Indonesian movie, kkn di desa penari",positive
"@moviemenfes Bridgerton, elite, marvel universe, squid game, wednesday, alice in borderland, all of us are dead, the last of us, queen charlotte, sewu dino, kkn desa penari",negative
watching kkn di desa penari rn bima looking kinda cute ngl,positive
@vetementschan nggak yg banget tapi so much better than kkn desa penari,positive
@moviemenfes Kkn desa penari :( orgnya dh prgi pula,negative
@moviemenfes kkn di desa penari full version,positive
@moviemenfes KKN di desa penari uncut,negative
KKN desa penari :)) maap https://t.co/po21hluzNh,positive
"Overall aku kasih 6/10 buat Sewu Dino. Definitely better than KKN di Desa Penari. 

Cuman ya masih di bawah ekspektasi yang aku dapatkan di scene pertama. Tapi jangan salah, kalo bakal ada film-film lanjutannya sih aku penasaran buat nonton~ https://t.co/dtfFZaziJC",positive
#nowwatching KKN Di Desa Penari. This is the most watched movie in Indonesian cinema history? Boring jeâ€¦. ğŸ¤¨ https://t.co/yskVMueF6B,negative
"KKN di Desa Penari (2022) is finally available to stream on Prime in the US! ğŸ‡®ğŸ‡©

Iâ€™ve seen this film on several lists of scariest(?) Indonesian horror films and canâ€™t wait to check it out this weekend! https://t.co/sLY3Vs101S",positive
No PHP! KKN Di Desa Penari [Uncut] Tayang AprilÂ 2022 https://t.co/Wkvlr6Zv7J,negative
Manoj Punjabi Yakin KKN Di Desa Penari [Uncut] PuaskanÂ Penonton https://t.co/fMP9olprMN,negative
"@svastamitaa @SupraModif @moviemenfes eh banyak ka, true to love, tale of the nine tailed 1938 (on going), jinny's kitchen, kkn desa penari extended, miracle in cell no.7 versi indo, dllğŸ˜­",positive
Yg saya salut banget sih di pemilihan cast yg relatif fresh. Bukan pake aktor yg itu2 aja. Kayaknya dari KKN Desa Penari ini pilihan castnya emang banyak kasih kesempatan ke aktor2 yg relatif fresh.,positive
"Awalnya ngira bakal mirip2 sama KKN Desa Penari yg masih pake bumbu2 komedi buat entertainment. Ternyata Sewu Dino bener2 dark, bener serius dari awal sampe akhir.",negative
@BeatitudeFair happy ending dong biar ratingnya gede ngalahin film kkn di desa penari ğŸ™‡ğŸ»â€â™‚ï¸,positive
Sorry baru nyadar thread gua panjang banget udah kaya KKN di Desa Penari.,negative
asal org bgi review dulu KKN desa penari tak best. Bagi aku best kot sbb baru layan tdi like mmg best 8/10,positive
"Just watched KKN Di Desa Penari. Not perfect but I dig it, it's not a horror movie filled with ghosts -like I expected, the delivery, storyline, and cinematography works for me.

Ini ga kepikiran bikin prequelnya gitu? Soal background story desa itu atau asal-usul Badarawuhi?",negative
"Yang engko cakap:
1. KKN Desa Penari 5/5
2. Mencuri Raden Salleh ni boleh masuk top 5 best film international 2022

Bunyi tak macam kena bayar ke? Macam tau bukan tuduh kena bayar.",positive
"@tanyakanrl Kejadian pas jaman2 avenger end game sama kkn desa penari. Toilet duduk pada becek sampe ke lantai dan tembok2, tong sampahnya penuh, banyak bekas rambut. Emang ini orang2 habis nonton pd keramas apa yak.",negative
lg chill di real KKN desa penari https://t.co/FiZLHcPcKg,positive
"Masih gapaham sama orang-orang yang bawa anak dibawah umur nonton Evil Dead Rise, dulu KKN di Desa Penari juga sama kasusnya, please bedain rating Parental Guidance sama Rating D, padahal tiap film mau mulai selalu diingetin lo",negative
"Sewu dino, dibanding kkn di desa penari jauhh banget eksekusi filmnya . Sewu dino better karena ngingetin gua ama film2 survival macem saw, vibes survival dapet horor juga dapet. Scene horror nya kurang banyak dan justru malah fokus ke drama antara 3 pembantu; sri, erna, dan dini",positive
"@moviemenfes Kkn di desa penari, eksekusi nya ancur, alur nya aneh, yang natural dan kaya beneran film cuman dua cowok selain bima, padahal potensial banget tapi gak jelas.

The mist, gak jelas, dah.

Qorin, ini tontonan bagi yg butuh ringan2 sih, but me nope.

Ada lagi tapi gak cukup wkwk",positive
I JUST GOT IT lo milih kkn desa penari over evil dead rise? aight phone on the table now and take your medicine.,negative
using kkn desa penari as comparison was quite weird tho?? i dont get it,negative
"@moviemenfes 1. Infinity war
2. Parasite (g tau knp)
3. The batman (3jam)
4. Thor love and thunder (nangis beberapa kali karna terharu)
5. Annihilation
6. Kkn di desa penari
7. Series she hulk ğŸ˜­ğŸ˜­
8. The ethernals
9. James gunn (bye bye)
10. Spiderman/loki
11. LOKI !
12. AquamanğŸ«¶ğŸ»",positive
"samping rumah orang main gendang ama seruling,bangun""kek ada di kampung KKN desa penari",positive
"@moviemenfes Mungkin maksud sender lebih seru film kkn di desa penari tuh, karna mungkin klo film kkn di desa penari gak terlalu mengerikan dibanding film evil dead rise.",negative
"KKN DI DESA PENARI: Students do community service in a remote village with a history of dancing djinn infestations. I was hoping this would be a send-up of Suharto-era repressive spiritual misogyny but nope, it's just straight-up spiritual misogyny. Grade = F. (Prime)",negative
"1. avengers end game
2. everything everywhere all at once
3. avengers end game
4. kkn di desa penari
5. scary movie
6. spiderman no way home
7. scary movie
8. bad genius
9. -
10. the conjuring
11. scarlet witch
12. bird box",negative
"@salbiahewaza23 Extreme sports cover mata for me hahaha. For me kkn desa penari tu dia bukan jumpscare horror but the concept is horrified when you keep thinking about it paham tak paham tak ğŸ˜‚.
Kalau insidious dgn conjuring ty mmg auto mengucap",positive
"Setelah ada di aplikasi streaming barulah nonton kkn desa penari, isinya black campagn penari : seks, pesugihan, penggoda.",negative
"@moviemenfes Lu bandingkan ini sama KKN? For real?

KKN desa penari cuma bagus thread nya Simpleman doang.",positive
"@sbyfess Saya pernah dapet DM di telegram masih 1 kota
Diajak nemenin nonton film KKN desa penari
Dikasih free, dijemput dr rumah,makan jajan dll
Gak ditanya BB/TB dll
Kukira dia lajang taunya dah beristri dan punya anak:) taunya pas aku udah lostkontak udah lama namanya nongol di ig",positive
WOW baru tauu ada KKN di Desa Penari (extended version) di Prime Video @SimpleM81378523 https://t.co/DiY29zwAII,positive
i can say this based-on-thread movie is better than kkn desa penari. but the movie also lost some epic scene because it wasnâ€™t fully shown compared to the thread. this is a typical movie with tremendously bothersome characters who are too naive and do anything risky.,positive
"Berhubung KKN Di Desa Penari: Luwih Dowo, Luwih Medeni udah tayang di @primeviedoid, mimin mau ngajak kalian yang belum nonton atau baru nonton yang versi Uncut untuk nonton versi extended-nya ini.

Durasinya lebih panjang 40 menit lho! https://t.co/rNIRjuMt7j",negative
@OGendut81 Desa penari KKn yg Uncut urasinya 2jam mas,negative
"Cite Incantation tu ok boleh tahan jugak.. storyline jelas aku faham la sal ape.. cm The Medium tu die cm terabur sikit n tergantung citenye..

 so utk mlm ke3 ni kite tgk cite KKN Di Desa Penari lak.. org ckp seram gak.. tggu sikit lg la baru tgk ..skrg kite makan n mandi dulu https://t.co/PVEaOJfUE5",positive
"KKN di Desa Penari, Captain Marvel, 365 Days, The Gifted Graduation, Jurrasic World yang terakhir, Squid Game, All of Us Are Dead, Danur Sunyaruri",negative
"kali ini horor indo ga ngecewain lah ya. even tho akting mikha tambayong ada beberapa yang kurang natural. tapi dari segi cinematography sampai plotnya, smooth bgt ga kayak kkn desa penariâ˜ºï¸",positive
@moviemenfes KKN desa penari ğŸ˜­ i did not just waste 35k on that,negative
@moviemenfes KKN desa penari:) pokoknya nyesel banget sampe kepikiran nie refund bisa ga si sayang duit gue,positive
@inlandXXIempire Yes?? They will kill you if they like you that much?? Or kill everyone you love??? Remember kkn di desa penari when the boy ewean with siluman ular?,positive
"@moviemenfes Peninsula, kkn desa penari, duty after school &amp; game of thrones last ep",negative
"Susah. Film horror itu penjualannya paling tinggi, pasarnya udah ada, Di tahap produksi pun formulanya udh banyak. Budget ga terlalu banyak. Angga Sasongko itu spent more than 20 Billion rupiah for Mencuri Raden Saleh. Meanwhile KKN di desa penari spent Â±15Bilion",positive
"Mahasiswa sekarang mau KKN aja ribet bgt dah. Manja. Berlebihan.

Gausah overthinking. Selama lo masih dibawah nama univ, you're safe. Ini bukan KKN Desa Penari.

Contoh tu lho, mahasiswa univ sebelah. Dari dulu dikirim KKN ke tempat yg beneran pelosok ga ada yg misuh.",positive
"@rafandra_adi Hahaha ga bisa aku tuh ğŸ˜­ğŸ˜­ğŸ˜­
Mentok adegannya potong hewan kek di kkn desa penari ğŸ˜­ğŸ˜­
Makasih ya ardiya",positive
"@undipmenfess mereka taunya kaya di KKN desa penari kali ya..
daerah plosok, susah sinyal, toilet ditengah hutan, tinggalnya di rumah yg lusuh, sampe susah kendaraan..",negative
Watched sewu dino ystd finally but idk i prefer kkn desa penari hahahahahahaa but ngl sewu dino was scary la,negative
"btw, sewu dino tu beshe jewww~~ kkn desa penari best lagi. ğŸ‘ğŸ»",positive
menurutku bagusan yang ini dibanding kkn desa penari. Worth it untuk dinonton 8/10 https://t.co/4n9hqjM281,positive
@arbainrambey @hrdbacot Ini yang main kkn desa penari itu ya?,positive
"Tau jawabannya karena ngeliat teori"" dari thread KKN desa Penari :D",positive
"Demen bgt gw ama film yg ada Vino nya, soalnya pasti ada kocak2nya

CGI ama adegan tembak2an oke jg, mantap lah nih film lokal original @primevideoid, wajib bgt dimasukin watching list bareng film lokal lainnya yg baru tayang kek Srimulat, KKN di desa penari, My Sassy Girl, dllğŸ˜",positive
"Cuma cuak sikit bila tengok bilik air sebab bahagian atas tu terbuka. Kalau duduk â€˜membuangâ€™, bila langut kepala je boleh nampak langit.

But the resort staff assured us that the whole place is private, ada guard + takyah risau pasal outsiders.

Cuma teringat KKN Desa Penari je https://t.co/1BkviV8mkU",positive
"menurutku the whole cerita emang ga berubah, tapi banyak bgt part yg dirubah dan beda dr threadnya (mungkin maksutnya biar ga ketiplek kaya kkn desa penari dr thread jd film tanpa ada perkembangan cerita) disini over perubahan jadi kaya â€˜hah apasih maksa bgtâ€™.",positive
"@polimeriazzarin kkn desa penari kmrnn juga ada kan yaah wkwkw, ni malahh sewu dino gaada sm skali, malah ada nyempil lucu2 dikit gtuğŸ˜­ happy watching kak btww hihihi",positive
"@tanyarlfes gw pgn cerita real yg gw alami waktu viral""nya thread kkn desa penari, gw lagi baca threadnya itu hampir tengah malam, seingat gw itu pas baca dari sudut pandang nur, &amp; pas baca itu hawanya bener"" ga enak bgt asli merinding bgt &amp; gw bacanya pas dikamar sendiri, pas gw baca itu-",positive
"@bulankeIabu Kayanya aku aja yang cemen sih, banyak jumpscare, bloody, KKN desa penari jauh banget ini lebih ngeri ğŸ˜­",negative
"Film KKN di Desa Penari: Extended version, tayang 4 MEI ğŸğŸ’ƒğŸ»ğŸğŸ’ƒğŸ» di Prime, who's excited?  https://t.co/4ZvpPtYR9l",positive
@Injang_Nation @ZainatunAdilah @LordTacaa13 @eyqaley Okay next.. ni dari producer kkn desa penari. https://t.co/QL2V4ugm7N,positive
"Beberapa list film yang dimana aku nontonnya sendiri :
1. Doctor Strange in the Multiverse of Madness - 5 Mei 2022
2. KKN Di Desa Penari - 17 Mei 2022
3. Srimulat : Hil Yang Mustahal - 20 Mei 2022
4. Thor : Love and Thunder - 6 Juli 2022",positive
Widya is fucking strong. Aku kalau mungkin dah bunuh diri. ğŸ¥¹ #kkndesapenari,positive
"Watching #kkndesapenari . If my college requires me to go deep into the jungle for some curricular stuff, I'd rather fail.",negative
"Udah kesampean wkwk.. lunas uda g penasaran lagi. 
Ada sedikit perbedaan si dari cerita aslinya. As Javanese bagian yg paling ANNOYING (yg sama juga kek kkn desa penari) : dialog campuran indo-jawa yang dimedhok2in. ğŸ˜®â€ğŸ’¨ğŸ˜®â€ğŸ’¨
But terlepas dr itu worth to watch lah buat hiburan. https://t.co/Ro6bw7CXFH",negative
"@_wcnderlust ï¸ï¸ï¸ ï¸
 ï¸ï¸ï¸
 ï¸ï¸ï¸
Hahaha menurutku sih 4/10 ya. Persis kayak KKN desa penari sih. Cuma pasti ada lanjutannya itu film. Janur Ireng kan?
ï¸ï¸ï¸ ï¸
 ï¸ï¸ï¸
 ï¸ï¸ï¸",positive
kemarin nonton Sewu Dino. rada bingung karena ada banyak adegan yang engga sesuai sama thread aslinya + bahasa Jawanya kaku banget... but overall it is better than KKN Desa Penari,positive
"Kalo ke situgunung emang suka ada yang main gamelan, tapi baru ngeh yajuga bisa jadi KKN desa penari itu di Sukabumi wkwkw",positive
@wayanrudiantara Emang siapa yg bilang ini mistis atau sebagainya? Itu cuman keinget kkn desa penari ada orang main gamelan di hutan,positive
"@WatchmenID @DisneyPlusID @RapiFilm Karena berhasil menggambarkan santet dan dendam itu sebegitu ngerinya. Membayangkan perubahan wajah pelaku sebelum dan setelah belajar teluh itu, wow!. 
Btw teluh darah dan KKN Desa Penari punya kesamaan. Semua bermula gara gara ews.",positive
"Kkn desa penari, disturbing soalnya jelek.",negative
"1. horror, thriller, romcom
2. interstellar, friend zone, evil dead, along with the gods (susah bgt milihnya hiiks)
3. the shawshank redemption
4. critical eleven bagus
5. conheartist (idk ini underrated atau ga, but ini ga kalah sama lawak ama friendzone)
6. KKN desa penari ğŸ˜”ğŸ‘",negative
"watching kkn di desa penari,, hopefully it isn't too scary to the point i cant sleep tonight. https://t.co/ueN7FvSwmR",negative
"#sewudino #reviewfilm 
Rate 8/10
Ada yg aneh di dalam Bioskop~

First of all ini dari gw yg awalnya gk tau kalo ini diangkat dari kisah nyata yg dari thread SimpleMan, gw cuman diajak temen buat nonton, jadi gak kaya waktu nonton film KKN di Desa Penari gw nebak2 scene â€¦",positive
"@dearlymiko KKN TEH NAON? DESA PENARI? 
aku...ga ada xiphos ama iron sting :D",positive
"W bukan bzr, tp mvs sewu ğŸ¦– aga seru sih ya beberapa minor flawsnya kaya mbah karso terlalu muda, boso jowonya awkward. Tp dibanding kkn desa penari ini jauh sih lebih baguss 75 lah nilainya",negative
@aapiz_ Lg best kkn desa penari la,positive
"@mingiring iyaa emang biasa aja, kebanyakan jumpscare itupun juga ga yg serem2 bgt. mana sound fxnya ga kira2. kaget karena setan âŒ kaget karena sound fx âœ…

iya dari kkn desa penari emg gt se, mending kalo jawa ya full jawa. kalo indo ya semua aja indo.",positive
"Jangankan nonton sewu dino, kkn di desa penari aja belum nonton :(",negative
"@beomiearyn Engga mau deh. Tau ga, pas lihat KKN desa penari aja tutup mata trs. Padahal kata yg lain ga serem :)",positive
"Sewu Dino! The scariest movie I've watched this month, I didn't expect too much since KKN Desa Penari, I already read the thread before, but for Sewu Dino, this one was very frightening to me. The tense, the atmosphere, it didn't give me time to breathe. â€”",negative
"Sudah dikecewakan dengan KKN Desa penari, kembali dikecewakan dengan Sewu Dino. Sayang banget 2 tulisan horror yg sangat berpotensi jadi film yg (mungkin) bisa mengalahkan universe horrornya James Wan atau bahkan Steven King. Ya sudahlah.",negative
"been finished watchin KKN di Desa Penari in Disney Hotstar (*my brother asked me to watch it together since he never watched the movie neither I do ğŸ¤£)
And I found it so boring since the movie only focuses on its drama (too many crying scenes anw) even though I've read the thread https://t.co/epQPC127oX",negative
"nonton sewu dino, kelebihannya dibanding kkn desa penari cuma 1, ga ada kamera muter2 yg bikin kepala pusing dan happy ending, kalo lu semua berharap endingnya happy ga kayak kkn.",positive
"@JatIkhwan Best juga. I tgk malam, so terasa vibe serem tu. Rasanya pengarah yg sama dgn kkn desa penari atau ada kaitan camtulah. For me yg ni lagi best dari kkn. Ada plot twist yg i rasa tak expect tapi taktau org lain blh expect ke tak plot twist tu ğŸ˜‚",positive
@adlynalin Bau2 kkn di desa penari is still strong with this one,positive
@dakjalreallife Gasss better than kkn desa penari,positive
"Raya movie/series with cousies

1. Re/member
2. KKN di Desa Penari
3. Alas Pati
4. Sunyi
5. Ms. Marvel
6. Moon Knight",negative
"@hendraCEO @moviemenfes tapi menurutku lebih better drpd kkn desa penari. krn alurnya masih tertatalah, meskipun banyak holenya palagi peran sopir ama mbah dukunnya",positive
@hendraCEO @moviemenfes (c) dan better than kkn desa penari. tp ya balik lg ke preferensi masing2 sihâ€¦,positive
eh tp better sewu dino drpd kkn desa penari klo kata gw,positive
"@dilaseyo Its a slow burn kind of seram, tak slow mcm KKN desa penari, i give it seram 9/10 ğŸ˜²ğŸ‘ğŸ¼",negative
@moviemenfes ini better sih drpd kkn desa penari ğŸ¥²,positive
"8,5/10

Tegangnya dapet banget, sengarturihnya yg bikin tambah serem â˜ï¸â˜ï¸ minusnya cuma bahasa jawanya malesin dicampur campur wkwkkw but apparently way better than kkn di desa penari https://t.co/U6TR2wIEko",positive
"â€”Ah, sama part yang masuk alam sukma, itu kece juga sih. Misal gitu mau bandingin sama KKN Desa Penari karena ini sama-sama dari karyanya Simpleman, ini jelas lebih bagus ğŸ‘ğŸ». Yang nanya ini worth to watch gak, gue akan jawab iya â˜ğŸ». 

Sekian. ğŸ«¶ğŸ»",positive
"Siapa yang suka desa penari kkn, boleh lah nonton sewu dino. It's all about ilmu hitam and what it does to innocent person ğŸ¥²",positive
Aku baru lepas tengok Sewu Dino tadi. Ya Allah seramm!!! ğŸ˜­ lagi best dari kkn desa penari,positive
"Sewu Dino is better than KKN Desa Penari. Pergi beli ticket sekarang!! Hantu dia cam kelakar sikit tapi jalan cerita dia best ğŸ˜‰.
#sewudino",positive
"@fatalinject Lebih bagus dibanding adaptasi KKN di Desa Penari, mas. Cuma ganggu banget dialog bahasa Jawa - Indonesia nya. Sound effects nya kayanya gak hanya bertujuan bikin kaget tp juga bikin budeg :(",negative
"Sebelum nonton aku emang ga mau liat banyak review atau spoiler, jd ya cuma dr trailer yg udh aku tonton jauh2 hari + threadnya yg udh aku baca dr lama jg jd ingetanku waktu nonton ga fresh bgt, trus
waktu liat sneak peak di kkn desa penari, serem parahh bahkan aku ga berani liat",positive
"rate 9/10 untuk SEWU DINO âœ¨
Tegang nya dapet banget anjayyyyy
Lebih better horor nya di banding KKN DESA PENARI. 
Pas nonton w ngomong terus ""bego bego bego"" Ke si sri TAPI dia yang lebih pinter (jadi gimana(?) ğŸ¤”) 
Ya intinya recommended di tonton siee https://t.co/7utRFFFmgH",positive
â€œFrom the producer and author of KKN Desa Penariâ€ ğŸ˜©ğŸ˜© tacodd la kecewa mcm tgk KKN.. tp takpe la kasi peluang lagi skali hahaha,positive
"Oh, agak kecewa klimaksnya terkesan too easy. Apa ya, ada rasa ""masa gitu doang sih"" sambil berharap ada kejutan lain wekwkwkwk. Tapi tetep, overall experience-nya oke. Lebih oke dibanding KKN Desa Penari (versi thread).",positive
@elynnali Kkn Desa penari tu ke? Hahaha sorry tak tahu,negative
@SimpleM81378523 Sewu dino lebih dark dr kkn desa penari next kayaknya janur ireng om SM ğŸ‘ hnya bisa nonton bioskop setaun skali krn masih punya 2 bocil dan momennya pas lebaran jdi bocil bisa ditinggal dititipin mbahnya ğŸ˜ƒ https://t.co/WFTyRSsS1C,negative
"ternyata sewu dino not bad la yach, gue kira jelek bgt kaya kkn desa penari. malah bikin kepo kelanjutannya gmn ekwk",positive
@khjsgirl @alxsimanjuntak @moviemenfes kl ga baca threadnya lumayan serem dan bagus sih tp kl baca threadnya keknya bakal blg b aja (kl aku liat org di twt). aku pribadi gabaca threadnya makanya blg mayan serem dan bagus dengan alur yg rapi. better dari kkn desa penari kl mnrtku,positive
@moviemenfes Worth si rat ku 7/10 buat sewu dino lebih baik dari kkn desa penari,positive
@Derezedd Sewu Dino better dari KKN Desa Penari tak?,positive
Lagi better dari kkn desa penari?,positive
"mvs honest review. 

barusan nonton ini, overall not bad lah 7,5/10 menurut gue. sutradara dan penulis script juga kayaknya belajar dr kritik waktu kkn di desa penari soal yg bilang kalau alurnya terlalu sama kayak thread jadi rada bosen nontonnya. 

cukup banyak hal yg  (cont..) https://t.co/DJs3zDD9kh",positive
"@moviemenfes Buzzer kkn desa penari, kanzab sama the little mermaid",negative
"Walau begitu, kalau dibanding KKN Desa Penari, film ini utuh secara cerita dan masih bisa menghadirkan beberapa scene yang rada creepy.

#ReviewnyaDundhee #sewudino",negative
sewu dino better lah dbanding kkn desa penari ğŸ˜‚ tapi msh kurang serem wkwk,positive
"ngomong apasih nder? klo u nuduh film pake buzzer tp yg disebut itu film laku kyk kkn di desa penari mungkin gw masih percaya dah, lha ini lu nuduh film yg literally ga laku di bioskop

klopun emg bener ada buzzernya I'm pretty sure they did a pretty piss poor job ğŸ¤¦â€â™‚ï¸",positive
"biasa je ceritanya, expectation aku agak tinggi macam kkn desa penari tu. tapi sound system dkt alamanda sumpah bingit namampos, spoil mood seram tu https://t.co/w0Wb69jwGV",positive
"banyak org yg bilang film ini gk sesuai dgn ekspektasi mereka, which is understandable karena thread asli film ini memang lebih detail dan seram. honestly, itâ€™s not up to my expectation either but this movie has a lot of improvements (definitely much better than kkn desa penari)",positive
"review sewu dino: 8/10

lumayan seru menurut aku, lebih bagus dibanding kkn desa penari. acting para actor dan actress di film ini jg lebih bagus (lebih ekspresif dan emotional). suasana dari film ini yg paling bikin mencengkam menurut aku, it makes you feel VERY UNEASY.",positive
even worse than kkn di desa penari ğŸ˜­ğŸ˜­ğŸ˜­,negative
Not bad and better than kkn desa penari. Cuma backsound music nya mengganggu banget gak cocok buat orang yg punya lemah jantung ğŸ¥¹. Terus logat bahasa jawanya aneh.,positive
"Tentu ini lebih baik ketimbang KKN Desa Penari, tapi bukan berarti bagus. 

Sebenarnya suka banget sama konsep horor ruang sempit yg ditawarin SEWU DINO. Cerita ttg perempuan2 yg dipekerjakan u/ jagain orang kesurupan karena santet 1000 hari ditambah ada nama Kimo Stamboel di bangku sutradara, jelas menjanjikan. 

Tapi sayang idenya yg horor banget itu berasa disia-siakan. Rating remaja bikin kebebasan Kimo untuk bisa total brutal jadi terbatas. 

Mitologinya santetnya gak jelas, seperti disengaja disimpan untuk seri2 selanjutnya. Gak perlu juga pake Rio Dewanto dan Martinho Lio yg malah tampil seperti cameo.

Narasi yg gak konsisten ditambah dialog Jawa asal2an bikin SEWU DINO kehilangan banyak potensinya jadi horor yg bisa diingat lama.  

3/5",negative
"masa lebaran tahun kemarin nobarnya kkn di desa penari, sabi nih kali ini nobar evil dead, tapi lama juga ya masih 5 meiğŸ˜®â€ğŸ’¨",negative
"@convomfs sorry to say, jujur ini cerita buat gw lama-lama makin kesini makin kesana; bikin curiga kalo si noor sengaja bkin thread buat nyari audience (biar threadnya viral terus dibukuin / dijadiin film kaya kkn desa penari) soalnya pemilihan kalimat dia beda bangetâ€”",negative
"@ryeaaen nah just another kkn di desa penari kind of thread, paling abis ini jadi filmğŸ’€",positive
"Review abal-abal gue buat Sewu Dino Movie : 8 / 10.

Dulu KKN desa penari aku kasih 7/10, Secara jalan cerita much better than KKN, walopun gak 100% sama dengan versi thread atleast bisa dinikmatin lah itu positifnya, negatifnya- https://t.co/Kf7Bc9kvYC",positive
@tanyakanrl Rate sewu dino dong guys. Mirip KKN Desa Penari atau lebi better?,positive
"@moviemenfes Aku dulu nnton cuplikan yg di kkn desa penari extended version, trs aku ngajak suamiku buat nnton fullnya dia gamau. Gara2 dlu aja di cuplikan sering ngagetin krn sound effect-nya terlalu kenceng ğŸ˜‚",positive
"/mvs/ abis nonton sewu dino, menurutku worth to watch, standar lah. Tp kali di compare sama kkn, sewu dino jauh bgt better dari kkn desa penari",positive
"Last year, despite it's shortcomings, #kkndesapenari was quite enjoyable. 

But my favorite was @MuhadklyAcho's Gara-Gara Warisan.",positive
"Wow, better than Penari Desa KKN ya?",positive
"Wabil akhir, Sewu Dino jelas slightly better than KKN di Desa Penari.

Meskipun seharusnya masih bisa diimprove lebih.

ğŸ™",positive
Yg ini better dari KKN Desa Penari sih wkwkwkw,positive
"@siskanoviw Aku belum baca tapi niat mau baca kalau bener true story.

Kalau ujungnya diangkat ke film kayak thread kkn desa penari, fix fiktif.",positive
"Film2 di Jatim, yg lumayan oke sih Yowes Ben. Lainnya, kayak KKN Desa Penari, hemmmâ€¦ disappointed :)",negative
"@viorellie @figmentofminds jadi ada org dimasukin arwah gitu buat jd penari di desanya. nah terus ada yg kkn ke desa itu, salah satu orgnya ngapa-ngapain si cewe ini, eh arwahnya pindah nyari target baru yang perawan buat jd wadah :(",negative
"@oreomisme berarti gak ada bagian joroknya, kayak tubuh gak full bisul bernanah?
Menurutmu lebih ok sewu dino atau kkn desa penari?",positive
"@manizgendhis bingung jelasinnyağŸ˜­ yg jelas alurnya rapi, ga bingungin. serem, degdegan, gregetan, plot twist ada semuaa. so much better than kkn desa penari pokoknyaa",positive
